NO,Department,Degree,Course Number,Section,Course Title,Instructor,Classification,Course Type,Theory/Lab,Course Category,Course Fields,Course Areas,Track,Degree Classification,Grade Method,Credit,Theo,Lab,Code Share,Delivered in English,Day/Time/Class Room,Prerequisite Course,Remarks
1,School of Undergraduate Studies,ALL,BE101a,01,Introduction to Programming - Introduction to Programming,Jisoo Mok,Basic compulsory course,Course Study,Theory&Lab,Basic,Basic Engineering,Computer Engineering,,,Grade,3.0,2.0,2.0,N,Y,"Tue09:00-11:00(E7 - 233), Thu09:00-11:00(E7 - 233)",,목요일 09시-11시 실습 수업 일괄 진행
2,School of Undergraduate Studies,ALL,BE202,01,Introduction to Data Science - Introduction to Data Science,Jun-Gi Jang,Basic compulsory course,Course Study,Theory&Lab,Basic,Basic Engineering,Computer Engineering,,,Grade,3.0,2.0,2.0,N,Y,"Tue13:00-15:00(E7 - 233), Thu13:00-15:00(E7 - 233)",,
3,School of Undergraduate Studies,ALL,BE202,02,Introduction to Data Science - Introduction to Data Science,Hyunjae Gil,Basic compulsory course,Course Study,Theory&Lab,Basic,Basic Engineering,Computer Engineering,,,Grade,3.0,2.0,2.0,N,Y,"Mon15:00-17:00(E7 - 233), Wed15:00-17:00(E7 - 233)",,
4,School of Undergraduate Studies,ALL,BE203,01,Creative mechanical design - Creative mechanical design,Joon-Hyuk Park,Basic compulsory course,Course Study,Theory,Basic,Basic Engineering,Engineering Selection,,,Grade,3.0,3.0,0.0,N,N,Fri09:00-12:00(E7 - 307),,
5,School of Undergraduate Studies,ALL,BE203,02,Creative mechanical design - Creative mechanical design,Sukho Song,Basic compulsory course,Course Study,Theory,Basic,Basic Engineering,Engineering Selection,,,Grade,3.0,3.0,0.0,N,Y,Mon14:30-17:30(E7 - 307),,
6,School of Undergraduate Studies,ALL,BE205,01,Circuit Theory and Measurement (Lecture) - Circuit Theory and Measurement (Lecture),"Lee, Jung Hyup",Basic compulsory course,Course Study,Theory,Basic,Basic Engineering,Engineering Selection,,,Grade,2.0,2.0,0.0,N,Y,Thu17:00-19:00(E7 - 236),,
7,School of Undergraduate Studies,ALL,BE205,02,Circuit Theory and Measurement (Lecture) - Circuit Theory and Measurement (Lecture),"Song, Minyoung",Basic compulsory course,Course Study,Theory,Basic,Basic Engineering,Engineering Selection,,,Grade,2.0,2.0,0.0,N,Y,Tue17:00-19:00(E7 - 236),,
8,School of Undergraduate Studies,ALL,BR301,01,Brain Science LabⅠ - Brain Science LabⅠ,"Cho, Yongcheol, Kim, Kyu Hyung , Oh, Yong Seok",Advanced compulsory course,Course Study,Lab,Advanced,Major,Track,,Bachelor of Science,Grade,3.0,0.0,3.0,N,Y,Fri09:00-12:00(E4 - 225),,
9,School of Undergraduate Studies,ALL,BR403,01,Neuroregeneration and Degeneration - Neuroregeneration and Degeneration,"Cho, Yongcheol",Advanced compulsory course,Course Study,Theory,Advanced,Major,Track,,Bachelor of Science,Grade,3.0,3.0,0.0,N,Y,"Tue14:30-16:00(E7 - L21), Thu14:30-16:00(E7 - L21)",,신규개설
10,School of Undergraduate Studies,ALL,BR404,01,Learning and Memory - Learning and Memory,Pojeong Park,Advanced compulsory course,Course Study,Theory,Advanced,Major,Track,,Bachelor of Science,Grade,3.0,3.0,0.0,N,Y,"Tue16:30-18:00(E7 - L21), Thu16:30-18:00(E7 - L21)",,신규개설
11,School of Undergraduate Studies,ALL,BS102a,01,Engineering MathematicsⅠ - Engineering Mathematics I,"Ahn, Heung Ju",Basic compulsory course,Course Study,Theory&Lab,Basic,Basic Science,Mathematics,,,Grade,3.0,3.0,1.0,N,Y,"Tue13:00-15:00(E7 - 223), Thu13:00-15:00(E7 - 223)",,
12,School of Undergraduate Studies,ALL,BS102a,02,Engineering MathematicsⅠ - Engineering Mathematics I,Hudson Thomas Bryan,Basic compulsory course,Course Study,Theory&Lab,Basic,Basic Science,Mathematics,,,Grade,3.0,3.0,1.0,N,Y,"Tue16:30-18:30(E7 - 223), Thu16:30-18:30(E7 - 223)",,
13,School of Undergraduate Studies,ALL,BS102a,03,Engineering MathematicsⅠ - Engineering Mathematics I,Carlos Scarinci,Basic compulsory course,Course Study,Theory&Lab,Basic,Basic Science,Mathematics,,,Grade,3.0,3.0,1.0,N,Y,"Mon09:00-11:00(E7 - L21), Wed09:00-11:00(E7 - L21)",,
14,School of Undergraduate Studies,ALL,BS102a,04,Engineering MathematicsⅠ - Engineering Mathematics I,Carlos Scarinci,Basic compulsory course,Course Study,Theory&Lab,Basic,Basic Science,Mathematics,,,Grade,3.0,3.0,1.0,N,Y,"Mon16:00-18:00(E7 - 223), Wed16:00-18:00(E7 - 223)",,
15,School of Undergraduate Studies,ALL,BS102a,05,Engineering MathematicsⅠ - Engineering Mathematics I,Unassigned,Basic compulsory course,Course Study,Theory&Lab,Basic,Basic Science,Mathematics,,,Grade,3.0,3.0,1.0,N,Y,"Tue11:00-13:00(E7 - 223), Thu11:00-13:00(E7 - 223)",,
16,School of Undergraduate Studies,ALL,BS103a,01,General PhysicsⅠ - General PhysicsⅠ,DEVECIOGLU DENIZ OLGU,Basic compulsory course,Course Study,Theory,Basic,Basic Science,Physics,,,Grade,3.0,3.0,0.0,N,Y,"Tue15:00-16:30(E7 - 241), Thu15:00-16:30(E7 - 241)",,
17,School of Undergraduate Studies,ALL,BS103a,02,General PhysicsⅠ - General PhysicsⅠ,DEVECIOGLU DENIZ OLGU,Basic compulsory course,Course Study,Theory,Basic,Basic Science,Physics,,,Grade,3.0,3.0,0.0,N,Y,"Tue11:00-12:30(E7 - 241), Thu11:00-12:30(E7 - 241)",,
18,School of Undergraduate Studies,ALL,BS103a,03,General PhysicsⅠ - General PhysicsⅠ,DEVECIOGLU DENIZ OLGU,Basic compulsory course,Course Study,Theory,Basic,Basic Science,Physics,,,Grade,3.0,3.0,0.0,N,Y,"Tue17:00-18:30(E7 - 241), Thu17:00-18:30(E7 - 241)",,
19,School of Undergraduate Studies,ALL,BS104a,01,General Physics LabⅠ - General Physics LabⅠ,"Kim, Dong Lyeul",Basic compulsory course,Course Study,Lab,Basic,Basic Science,Physics,,,Grade,1.0,0.0,2.0,N,N,Mon16:00-18:00(E2 - 220),,
20,School of Undergraduate Studies,ALL,BS104a,02,General Physics LabⅠ - General Physics LabⅠ,"Kim, Dong Lyeul",Basic compulsory course,Course Study,Lab,Basic,Basic Science,Physics,,,Grade,1.0,0.0,2.0,N,N,Wed14:00-16:00(E2 - 220),,
21,School of Undergraduate Studies,ALL,BS104a,03,General Physics LabⅠ - General Physics LabⅠ,"Kim, Dong Lyeul",Basic compulsory course,Course Study,Lab,Basic,Basic Science,Physics,,,Grade,1.0,0.0,2.0,N,N,Mon13:00-15:00(E2 - 220),,
22,School of Undergraduate Studies,ALL,BS104a,04,General Physics LabⅠ - General Physics LabⅠ,"Kim, Dong Lyeul",Basic compulsory course,Course Study,Lab,Basic,Basic Science,Physics,,,Grade,1.0,0.0,2.0,N,N,Mon10:30-12:30(E2 - 220),,
23,School of Undergraduate Studies,ALL,BS104a,05,General Physics LabⅠ - General Physics LabⅠ,"Park, Keeseong",Basic compulsory course,Course Study,Lab,Basic,Basic Science,Physics,,,Grade,1.0,0.0,2.0,N,Y,Tue13:00-15:00(E2 - 220),,
24,School of Undergraduate Studies,ALL,BS113,01,General Chemistry Lab Ⅰ - General Chemistry Lab Ⅰ,"Min, Eun Seon",Basic compulsory course,Course Study,Lab,Basic,Basic Science,Chemistry,,,Grade,1.0,0.0,2.0,N,Y,Wed09:00-11:00(E6 - 221),,
25,School of Undergraduate Studies,ALL,BS113,02,General Chemistry Lab Ⅰ - General Chemistry Lab Ⅰ,"Min, Eun Seon",Basic compulsory course,Course Study,Lab,Basic,Basic Science,Chemistry,,,Grade,1.0,0.0,2.0,N,N,Mon09:00-11:00(E6 - 221),,
26,School of Undergraduate Studies,ALL,BS113,03,General Chemistry Lab Ⅰ - General Chemistry Lab Ⅰ,"Min, Eun Seon",Basic compulsory course,Course Study,Lab,Basic,Basic Science,Chemistry,,,Grade,1.0,0.0,2.0,N,N,Mon15:00-17:00(E6 - 221),,
27,School of Undergraduate Studies,ALL,BS113,04,General Chemistry Lab Ⅰ - General Chemistry Lab Ⅰ,"Min, Eun Seon",Basic compulsory course,Course Study,Lab,Basic,Basic Science,Chemistry,,,Grade,1.0,0.0,2.0,N,N,Mon13:00-15:00(E6 - 221),,
28,School of Undergraduate Studies,ALL,BS113,05,General Chemistry Lab Ⅰ - General Chemistry Lab Ⅰ,"Min, Eun Seon",Basic compulsory course,Course Study,Lab,Basic,Basic Science,Chemistry,,,Grade,1.0,0.0,2.0,N,N,Wed14:00-16:00(E6 - 221),,
29,School of Undergraduate Studies,ALL,BS114,01,Introduction to Biology - Introduction to Biology,Sukkyoo Lee,Basic compulsory course,Course Study,Theory,Basic,Basic Science,Biology,,,Grade,3.0,3.0,0.0,N,Y,"Tue11:00-12:30(E7 - 242), Thu11:00-12:30(E7 - 242)",,
30,School of Undergraduate Studies,ALL,BS114,02,Introduction to Biology - Introduction to Biology,"Lee, Hyo Sang",Basic compulsory course,Course Study,Theory,Basic,Basic Science,Biology,,,Grade,3.0,3.0,0.0,N,Y,"Mon16:30-18:00(E7 - 224), Wed16:30-18:00(E7 - 224)",,
31,School of Undergraduate Studies,ALL,BS115,01,General Biology Lab - General Biology Lab,"Kim, Yoo Ri",Basic compulsory course,Course Study,Lab,Basic,Basic Science,Biology,,,Grade,1.0,0.0,2.0,N,Y,Mon09:00-11:00(E4 - 224),,
32,School of Undergraduate Studies,ALL,BS115,02,General Biology Lab - General Biology Lab,"Cho, Jeong A",Basic compulsory course,Course Study,Lab,Basic,Basic Science,Biology,,,Grade,1.0,0.0,2.0,N,Y,Wed11:00-13:00(E4 - 224),,
33,School of Undergraduate Studies,ALL,BS115,03,General Biology Lab - General Biology Lab,"Cho, Jeong A",Basic compulsory course,Course Study,Lab,Basic,Basic Science,Biology,,,Grade,1.0,0.0,2.0,N,Y,Tue11:00-13:00(E4 - 224),,
34,School of Undergraduate Studies,ALL,BS115,04,General Biology Lab - General Biology Lab,"Cho, Jeong A",Basic compulsory course,Course Study,Lab,Basic,Basic Science,Biology,,,Grade,1.0,0.0,2.0,N,Y,Thu11:00-13:00(E4 - 224),,
35,School of Undergraduate Studies,ALL,BS115,05,General Biology Lab - General Biology Lab,"Cho, Jeong A",Basic compulsory course,Course Study,Lab,Basic,Basic Science,Biology,,,Grade,1.0,0.0,2.0,N,Y,Wed09:00-11:00(E4 - 224),,
36,School of Undergraduate Studies,ALL,BS115,06,General Biology Lab - General Biology Lab,"Cho, Jeong A",Basic compulsory course,Course Study,Lab,Basic,Basic Science,Biology,,,Grade,1.0,0.0,2.0,N,Y,Wed14:00-16:00(E4 - 224),,
37,School of Undergraduate Studies,ALL,BS115,07,General Biology Lab - General Biology Lab,"Cho, Jeong A",Basic compulsory course,Course Study,Lab,Basic,Basic Science,Biology,,,Grade,1.0,0.0,2.0,N,Y,Wed16:00-18:00(E4 - 224),,
38,School of Undergraduate Studies,ALL,BS116,01,General Biology I - General Biology I,"Chan Chung, Kwak, June Myoung, Kim, Min Sik",Basic compulsory course,Course Study,Theory,Basic,Basic Science,Biology,,,Grade,3.0,3.0,0.0,N,Y,"Mon16:30-18:00(E7 - 236), Wed16:30-18:00(E7 - 236)",,
39,School of Undergraduate Studies,ALL,BS118,01,General chemistryⅠ - General chemistryⅠ,"In, Su Il",Basic compulsory course,Course Study,Theory,Basic,Basic Science,Chemistry,,,Grade,3.0,3.0,0.0,N,Y,Mon13:00-16:00(E7 - 241),,
40,School of Undergraduate Studies,ALL,BS118,02,General chemistryⅠ - General chemistryⅠ,SANGARAJU SHANMUGAM,Basic compulsory course,Course Study,Theory,Basic,Basic Science,Chemistry,,,Grade,3.0,3.0,0.0,N,Y,"Tue14:00-15:30(E7 - 242), Thu14:00-15:30(E7 - 242)",,
41,School of Undergraduate Studies,ALL,BS118,03,General chemistryⅠ - General chemistryⅠ,Unassigned,Basic compulsory course,Course Study,Theory,Basic,Basic Science,Chemistry,,,Grade,3.0,3.0,0.0,N,Y,"Wed09:00-10:30(E7 - 233), Fri09:00-10:30(E7 - 233)",,
42,School of Undergraduate Studies,ALL,BS202,01,Introduction to Probability and Mathematical Statistics with R - Introduction to Probability and Mathematical Statistics with R,"Kim, Ju Han",Basic compulsory course,Course Study,Theory&Lab,Basic,Basic Science,Mathematics,,,Grade,3.0,3.0,1.0,N,Y,"Tue12:30-14:30(E7 - G01), Wed12:30-14:30(E7 - G01)",,2018학번 이상
43,School of Undergraduate Studies,ALL,BS202,02,Introduction to Probability and Mathematical Statistics with R - Introduction to Probability and Mathematical Statistics with R,"Kim, Ju Han",Basic compulsory course,Course Study,Theory&Lab,Basic,Basic Science,Mathematics,,,Grade,3.0,3.0,1.0,N,Y,"Tue16:00-18:00(E7 - G01), Wed16:00-18:00(E7 - G01)",,2018학번 이상
44,School of Undergraduate Studies,ALL,BS203,01,Linear Algebra - Linear Algebra,"Han, Kang Jin",Basic compulsory course,Course Study,Theory&Lab,Basic,Basic Science,Mathematics,,,Grade,3.0,3.0,1.0,N,Y,"Mon13:00-15:00(E7 - 224), Wed13:00-15:00(E7 - 224)",,
45,School of Undergraduate Studies,ALL,BS203,02,Linear Algebra - Linear Algebra,"Han, Kang Jin",Basic compulsory course,Course Study,Theory&Lab,Basic,Basic Science,Mathematics,,,Grade,3.0,3.0,1.0,N,Y,"Tue16:00-18:00(E7 - L22), Thu16:00-18:00(E7 - L22)",,
46,School of Undergraduate Studies,ALL,BS203,03,Linear Algebra - Linear Algebra,"Lee, Doo Seok",Basic compulsory course,Course Study,Theory&Lab,Basic,Basic Science,Mathematics,,,Grade,3.0,3.0,1.0,N,Y,"Mon09:00-11:00(E7 - L22), Wed09:00-11:00(E7 - L22)",,
47,School of Undergraduate Studies,ALL,BS203,04,Linear Algebra - Linear Algebra,Unassigned,Basic compulsory course,Course Study,Theory&Lab,Basic,Basic Science,Mathematics,,,Grade,3.0,3.0,1.0,N,Y,"Tue13:00-15:00(E7 - 224), Fri13:00-15:00(E7 - 224)",,
48,School of Undergraduate Studies,ALL,CE303,01,Chemical engineering thermodynamics - Chemical engineering thermodynamics,Seo-Jin Ko,Advanced compulsory course,Course Study,Theory,Advanced,Major,Track,,Bachelor of Engineering,Grade,3.0,3.0,0.0,N,Y,"Tue10:30-12:00(E7 - L31), Thu10:30-12:00(E7 - L31)",,
49,School of Undergraduate Studies,ALL,CE401,01,Introduction to Polymer Science and Engineering - Introduction to Polymer Science and Engineering,Dong Hae Ho,Advanced compulsory course,Course Study,Theory,Advanced,Major,Track,,"Bachelor of Science, Bachelor of Engineering",Grade,3.0,3.0,0.0,N,Y,"Tue09:00-10:30(E7 - L22), Thu09:00-10:30(E7 - L22)",,
50,School of Undergraduate Studies,ALL,CE402,01,Chemical Product and Process Design - Chemical Product and Process Design,"Kim, Chan Yeon",Advanced compulsory course,Course Study,Theory,Advanced,Major,Track,,Bachelor of Engineering,Grade,3.0,3.0,0.0,N,Y,"Mon14:30-16:00(E7 - G02), Wed14:30-16:00(E7 - G02)",,
51,School of Undergraduate Studies,ALL,CHEM201,01,Analytical Chemistry - Analytical Chemistry,"Lee, Hochun",Advanced compulsory course,Course Study,Theory,Advanced,Major,Track,,"Bachelor of Science, Bachelor of Engineering",Grade,3.0,3.0,0.0,N,Y,"Mon10:30-12:00(E7 - 233), Wed10:30-12:00(E7 - 233)",,
52,School of Undergraduate Studies,ALL,CHEM205,01,Organic Chemistry I - Organic Chemistry I,"Jung, Byung Hyuck",Advanced compulsory course,Course Study,Theory,Advanced,Major,Track,,"Bachelor of Science, Bachelor of Engineering",Grade,3.0,3.0,0.0,N,Y,"Tue09:00-10:30(E7 - 236), Thu09:00-10:30(E7 - 236)",,
53,School of Undergraduate Studies,ALL,CHEM206,01,General chemistry laboratoryⅡ - General chemistry laboratoryⅡ,"Lee, Youn Gu",Advanced compulsory course,Course Study,Lab,Advanced,Major,Track,,Bachelor of Science,Grade,1.0,0.0,2.0,N,Y,Mon13:00-15:00(E6 - 222),,
54,School of Undergraduate Studies,ALL,CHEM301,01,Advanced Chemistry Lab I (Analytical and Organic Chemistry) - Advanced Chemistry Lab I (Analytical and Organic Chemistry),"Seonki Hong, In, Su Il",Advanced compulsory course,Course Study,Lab,Advanced,Major,Track,,Bachelor of Science,Grade,2.0,0.0,4.0,N,Y,Tue12:30-16:30(E6 - 221),,
55,School of Undergraduate Studies,ALL,CHEM305,01,Inorganic Chemistry II - Inorganic Chemistry II,SEONG KYUN KIM,Advanced compulsory course,Course Study,Theory,Advanced,Major,Track,,"Bachelor of Science, Bachelor of Engineering",Grade,3.0,3.0,0.0,N,Y,"Mon15:00-16:30(E7 - L22), Wed15:00-16:30(E7 - L22)",(CHEM202) 무기화학 Ⅰ (이.공),무기화학I 사전 수강 필수
56,School of Undergraduate Studies,ALL,CHEM306,01,Physical Chemistry II - Physical Chemistry II,Sung Jooyoung,Advanced compulsory course,Course Study,Theory,Advanced,Major,Track,,"Bachelor of Science, Bachelor of Engineering",Grade,3.0,3.0,0.0,N,Y,"Mon09:00-10:30(E7 - 224), Wed09:00-10:30(E7 - 224)",,
57,School of Undergraduate Studies,ALL,CHEM404,01,Computational Chemistry - Computational Chemistry,"Jang, Yun Hee ",Advanced compulsory course,Course Study,Theory&Lab,Advanced,Major,Track,,Bachelor of Science,Grade,3.0,2.0,1.0,N,Y,"Mon16:30-18:00(E7 - L22), Wed16:30-18:00(E7 - L22)",,
58,School of Undergraduate Studies,ALL,CSE203,01,Data Structure - Data Structure,"Kim, Sunjun",Advanced compulsory course,Course Study,Theory,Advanced,Major,Major Advanced,,"Bachelor of Science, Bachelor of Engineering",Grade,3.0,3.0,0.0,N,Y,"Mon11:00-12:30(E7 - 242), Wed11:00-12:30(E7 - 242)",(BE101a) 프로그래밍,
59,School of Undergraduate Studies,ALL,CSE302,01,Introduction to Machine Learning - Introduction to Machine Learning,"Sang Hyun, Park",Advanced compulsory course,Course Study,Theory,Advanced,Major,Track,,"Bachelor of Science, Bachelor of Engineering",Grade,3.0,3.0,0.0,N,Y,"Mon15:00-16:30(E7 - 242), Wed15:00-16:30(E7 - 242)",,
60,School of Undergraduate Studies,ALL,CSE305,01,Computer Architecture - Computer Architecture,Unassigned,Advanced compulsory course,Course Study,Theory,Advanced,Major,Major Advanced,,Bachelor of Engineering,Grade,3.0,3.0,0.0,N,Y,"Tue13:00-14:30(E7 - 236), Thu13:00-14:30(E7 - 236)",(CSE201) 객체지향 프로그래밍 (이.공),
61,School of Undergraduate Studies,ALL,CSE306,01,System Programming - System Programming,Yongwoo Lee,Advanced compulsory course,Course Study,Theory,Advanced,Major,Major Advanced,,Bachelor of Engineering,Grade,3.0,3.0,0.0,N,Y,"Mon16:30-18:00(E7 - 242), Wed16:30-18:00(E7 - 242)",(CSE201) 객체지향 프로그래밍 (이.공),
62,School of Undergraduate Studies,ALL,CSE307,01,Programming Languages - Programming Languages,Minseok Jeon,Advanced compulsory course,Course Study,Theory,Advanced,Major,Track,,"Bachelor of Science, Bachelor of Engineering",Grade,3.0,3.0,0.0,N,Y,"Tue14:30-16:00(E7 - 236), Thu14:30-16:00(E7 - 236)",,신규개설
63,School of Undergraduate Studies,ALL,CSE404,01,Introduction to Computer Vision - Introduction to Computer Vision,"Im, Sung Hoon",Advanced compulsory course,Course Study,Theory,Advanced,Major,Track,,Bachelor of Engineering,Grade,3.0,3.0,0.0,N,Y,"Tue09:00-10:30(E7 - L21), Thu09:00-10:30(E7 - L21)",,
64,School of Undergraduate Studies,ALL,CSE405,01,Introduction to Computer Security - Introduction to Computer Security,Wonseok Choi,Advanced compulsory course,Course Study,Theory,Advanced,Major,Track,,Bachelor of Engineering,Grade,3.0,3.0,0.0,N,Y,"Mon10:30-12:00(E7 - 224), Wed10:30-12:00(E7 - 224)",,
65,School of Undergraduate Studies,ALL,EE301,01,Signals and Systems - Signals and Systems,Jae-Ho Choi,Advanced compulsory course,Course Study,Theory,Advanced,Major,Major Advanced,,Bachelor of Engineering,Grade,3.0,3.0,0.0,N,Y,"Tue09:00-10:30(E7 - 241), Thu09:00-10:30(E7 - 241)",,
66,School of Undergraduate Studies,ALL,EE401,01,Digital Signal Processing - Digital Signal Processing,"Hwang, Jae Youn",Advanced compulsory course,Course Study,Theory,Advanced,Major,Major Advanced,,Bachelor of Engineering,Grade,3.0,3.0,0.0,N,Y,"Tue09:00-10:30(E7 - G01), Thu09:00-10:30(E7 - G01)",,
67,School of Undergraduate Studies,ALL,EE403,01,Digital Communications - Digital Communications,"Seo, Dae Won",Advanced compulsory course,Course Study,Theory,Advanced,Major,Track,,Bachelor of Engineering,Grade,3.0,3.0,0.0,N,Y,"Mon13:00-14:30(E7 - G02), Wed13:00-14:30(E7 - G02)",(EE305) 통신의 기초(공),
68,School of Undergraduate Studies,ALL,EE406,01,Intelligent Control Systems - Intelligent Control Systems,"Kim Kyoung Dae, Seongmin Lee",Advanced compulsory course,Course Study,Theory,Advanced,Major,Major Advanced,,Bachelor of Engineering,Grade,3.0,3.0,0.0,N,Y,"Tue13:00-14:30(E7 - 235), Thu13:00-14:30(E7 - 235)",(MECH309) 자동제어시스템(공),
69,School of Undergraduate Studies,ALL,EE407,01,Digital Integrated Circuit Design - Digital Integrated Circuit Design,"KIM, GAIN",Advanced compulsory course,Course Study,Theory,Advanced,Major,Track,,Bachelor of Engineering,Grade,3.0,3.0,0.0,N,Y,"Mon09:00-10:30(E3 - 626), Wed09:00-10:30(E3 - 626)",,
70,School of Undergraduate Studies,ALL,GC101,01,Academic English: Speaking and Correspondence - Academic English: Speaking and Correspondence,Aaron Cumberledge,Basic compulsory course,Course Study,Theory,Basic,Global Communication,English,,,Grade,2.0,3.0,0.0,N,Y,Tue15:30-18:30(E7 - L27),,"2019-2014학번: Communication Skills, English for Science Leaders 1 대체과목"
71,School of Undergraduate Studies,ALL,GC101,02,Academic English: Speaking and Correspondence - Academic English: Speaking and Correspondence,Aaron Cumberledge,Basic compulsory course,Course Study,Theory,Basic,Global Communication,English,,,Grade,2.0,3.0,0.0,N,Y,Mon09:00-12:00(E7 - L27),,"2019-2014학번: Communication Skills, English for Science Leaders 1 대체과목"
72,School of Undergraduate Studies,ALL,GC101,03,Academic English: Speaking and Correspondence - Academic English: Speaking and Correspondence,Aaron Cumberledge,Basic compulsory course,Course Study,Theory,Basic,Global Communication,English,,,Grade,2.0,3.0,0.0,N,Y,Mon13:00-16:00(E7 - L27),,"2019-2014학번: Communication Skills, English for Science Leaders 1 대체과목"
73,School of Undergraduate Studies,ALL,GC101,04,Academic English: Speaking and Correspondence - Academic English: Speaking and Correspondence,Aaron Cumberledge,Basic compulsory course,Course Study,Theory,Basic,Global Communication,English,,,Grade,2.0,3.0,0.0,N,Y,Tue11:00-14:00(E7 - L27),,"2019-2014학번: Communication Skills, English for Science Leaders 1 대체과목"
74,School of Undergraduate Studies,ALL,GC101,05,Academic English: Speaking and Correspondence - Academic English: Speaking and Correspondence,Benjamin Wilson Riley,Basic compulsory course,Course Study,Theory,Basic,Global Communication,English,,,Grade,2.0,3.0,0.0,N,Y,Wed09:00-12:00(E7 - L28),,"2019-2014학번: Communication Skills, English for Science Leaders 1 대체과목"
75,School of Undergraduate Studies,ALL,GC101,06,Academic English: Speaking and Correspondence - Academic English: Speaking and Correspondence,Benjamin Wilson Riley,Basic compulsory course,Course Study,Theory,Basic,Global Communication,English,,,Grade,2.0,3.0,0.0,N,Y,Thu11:00-14:00(E7 - L27),,"2019-2014학번: Communication Skills, English for Science Leaders 1 대체과목"
76,School of Undergraduate Studies,ALL,GC101,07,Academic English: Speaking and Correspondence - Academic English: Speaking and Correspondence,Benjamin Wilson Riley,Basic compulsory course,Course Study,Theory,Basic,Global Communication,English,,,Grade,2.0,3.0,0.0,N,Y,Thu15:30-18:30(E7 - L27),,"2019-2014학번: Communication Skills, English for Science Leaders 1 대체과목"
77,School of Undergraduate Studies,ALL,GC101,08,Academic English: Speaking and Correspondence - Academic English: Speaking and Correspondence,Benjamin Wilson Riley,Basic compulsory course,Course Study,Theory,Basic,Global Communication,English,,,Grade,2.0,3.0,0.0,N,Y,Wed14:00-17:00(E7 - L28),,"2019-2014학번: Communication Skills, English for Science Leaders 1 대체과목"
78,School of Undergraduate Studies,ALL,GC101,09,Academic English: Speaking and Correspondence - Academic English: Speaking and Correspondence,Mark Silverlock,Basic compulsory course,Course Study,Theory,Basic,Global Communication,English,,,Grade,2.0,3.0,0.0,N,Y,Wed14:00-17:00(E7 - L27),,"2019-2014학번: Communication Skills, English for Science Leaders 1 대체과목"
79,School of Undergraduate Studies,ALL,GC101,10,Academic English: Speaking and Correspondence - Academic English: Speaking and Correspondence,Mark Silverlock,Basic compulsory course,Course Study,Theory,Basic,Global Communication,English,,,Grade,2.0,3.0,0.0,N,Y,Mon13:00-16:00(E7 - L28),,"2019-2014학번: Communication Skills, English for Science Leaders 1 대체과목"
80,School of Undergraduate Studies,ALL,GC101,11,Academic English: Speaking and Correspondence - Academic English: Speaking and Correspondence,Mark Silverlock,Basic compulsory course,Course Study,Theory,Basic,Global Communication,English,,,Grade,2.0,3.0,0.0,N,Y,Wed09:00-12:00(E7 - L27),,"2019-2014학번: Communication Skills, English for Science Leaders 1 대체과목"
81,School of Undergraduate Studies,ALL,GC101,12,Academic English: Speaking and Correspondence - Academic English: Speaking and Correspondence,Andrew John Miller,Basic compulsory course,Course Study,Theory,Basic,Global Communication,English,,,Grade,2.0,3.0,0.0,N,Y,Fri14:00-17:00(E7 - L28),,"2019-2014학번: Communication Skills, English for Science Leaders 1 대체과목"
82,School of Undergraduate Studies,ALL,GC101,13,Academic English: Speaking and Correspondence - Academic English: Speaking and Correspondence,Andrew John Miller,Basic compulsory course,Course Study,Theory,Basic,Global Communication,English,,,Grade,2.0,3.0,0.0,N,Y,Fri09:30-12:30(E7 - L28),,"2019-2014학번: Communication Skills, English for Science Leaders 1 대체과목"
83,School of Undergraduate Studies,ALL,GC101,14,Academic English: Speaking and Correspondence - Academic English: Speaking and Correspondence,"Lee, Jeong Ah",Basic compulsory course,Course Study,Theory,Basic,Global Communication,English,,,Grade,2.0,3.0,0.0,N,Y,Tue14:00-17:00(E7 - L28),,"2019-2014학번: Communication Skills, English for Science Leaders 1 대체과목"
84,School of Undergraduate Studies,ALL,HSS101,01,Introduction to Economics - Introduction to Economics,"Kim, Son-ku",Basic compulsory course,Course Study,Theory,Basic,Humanities and Social Sciences,Writing·Reading,,,Grade,3.0,3.0,0.0,N,Y,Wed10:00-13:00(E7 - L31),,"2026학번 정원: 25명, 2025학번 이상 정원: 10명영어강좌(Only English)"
85,School of Undergraduate Studies,ALL,HSS102,01,Science and Technology in Modern Society - Science and Technology in Modern Society," Chang, Ha Won",Basic compulsory course,Course Study,Theory,Basic,Humanities and Social Sciences,Writing·Reading,,,Grade,3.0,3.0,0.0,N,N,Mon10:00-13:00(E7 - G01),,"2026학번 정원:25명, 2025학번 이상 정원: 10명"
86,School of Undergraduate Studies,ALL,HSS103,01,Law and Society - Law and Society,"Kim, Hyun hee",Basic compulsory course,Course Study,Theory,Basic,Humanities and Social Sciences,Writing·Reading,,,Grade,3.0,3.0,0.0,N,N,Fri09:00-12:00(E7 - L21),,"2026학번 정원: 30명, 2025학번 이상 정원: 10명"
87,School of Undergraduate Studies,ALL,HSS104a,01,Introduction to Fiction - Introduction to Fiction,"Bae, Haeun",Basic compulsory course,Course Study,Theory,Basic,Humanities and Social Sciences,Writing·Reading,,,Grade,3.0,3.0,0.0,N,N,"Mon10:30-12:00(E7 - G02), Wed10:30-12:00(E7 - G02)",,"2026학번 정원: 25명, 2025학번 이상 정원: 10명"
88,School of Undergraduate Studies,ALL,HSS106,01,Comparative Politics - Comparative Politics,"Yoon, Ji Sung",Basic compulsory course,Course Study,Theory,Basic,Humanities and Social Sciences,Writing·Reading,,,Grade,3.0,3.0,0.0,N,N,"Tue16:00-17:30(E7 - G02), Thu16:00-17:30(E7 - G02)",,"2026학번 정원: 25명, 2025학번 이상 정원: 10명"
89,School of Undergraduate Studies,ALL,HSS107,01,Introduction to Linguistics - Introduction to Linguistics,"Lee, Jeong Ah",Basic compulsory course,Course Study,Theory,Basic,Humanities and Social Sciences,Writing·Reading,,,Grade,3.0,3.0,0.0,N,N,Fri09:00-12:00(E7 - L30),,
90,School of Undergraduate Studies,ALL,HSS108,01,Comparative History - Comparative History,"Moon, Jun Young",Basic compulsory course,Course Study,Theory,Basic,Humanities and Social Sciences,Writing·Reading,,,Grade,3.0,3.0,0.0,N,N,Mon10:00-13:00(E7 - L31),,"2026학번 정원 25명, 2018-2025학번 정원: 9명"
91,School of Undergraduate Studies,ALL,HSS109a,01,Academic Writing - Academic Writing,"Bae, Haeun",Basic compulsory course,Course Study,Theory,Basic,Humanities and Social Sciences,Writing·Reading,,,Grade,3.0,3.0,0.0,N,N,"Mon09:00-10:30(E7 - G02), Wed09:00-10:30(E7 - G02)",,"2026학번 정원: 25명, 2025~2018학번 정원: 4명"
92,School of Undergraduate Studies,ALL,HSS109a,02,Academic Writing - Academic Writing,"Lim, Hee hyun",Basic compulsory course,Course Study,Theory,Basic,Humanities and Social Sciences,Writing·Reading,,,Grade,3.0,3.0,0.0,N,N,Thu10:00-13:00(E7 - G02),,"2026학번 정원: 25명, 2025~2018학번 정원: 4명"
93,School of Undergraduate Studies,ALL,HSS109a,03,Academic Writing - Academic Writing,"Lim, Hee hyun",Basic compulsory course,Course Study,Theory,Basic,Humanities and Social Sciences,Writing·Reading,,,Grade,3.0,3.0,0.0,N,N,Thu14:30-17:30(E7 - 224),,"2026학번 정원: 25명, 2025~2018학번 정원: 4명"
94,School of Undergraduate Studies,ALL,HSS109a,04,Academic Writing - Academic Writing,"Jeon, Gye Seong",Basic compulsory course,Course Study,Theory,Basic,Humanities and Social Sciences,Writing·Reading,,,Grade,3.0,3.0,0.0,N,N,Tue15:00-18:00(E7 - 224),,"2026학번 정원: 25명, 2025~2018학번 정원: 4명"
95,School of Undergraduate Studies,ALL,HSS109a,05,Academic Writing - Academic Writing,"Jeon, Gye Seong",Basic compulsory course,Course Study,Theory,Basic,Humanities and Social Sciences,Writing·Reading,,,Grade,3.0,3.0,0.0,N,N,Fri09:00-12:00(E7 - 224),,"2026학번 정원: 25명, 2025~2018학번 정원: 4명"
96,School of Undergraduate Studies,ALL,HSS112,01,Introduction to Sociology  - Introduction to Sociology ,"Choi, Tae Seob",Basic compulsory course,Course Study,Theory,Basic,Humanities and Social Sciences,Writing·Reading,,,Grade,3.0,3.0,0.0,N,N,Thu09:00-12:00(E7 - G03),,"2026학번 정원: 30명, 2025학번 이상 정원: 10명"
97,School of Undergraduate Studies,ALL,HSS114,01,Introduction to Geography - Introduction to Geography,Shen Shawn,Basic compulsory course,Course Study,Theory,Basic,Humanities and Social Sciences,Writing·Reading,,,Grade,3.0,3.0,0.0,N,Y,Mon18:00-21:00(E7 - G01),,"2026학번 정원: 25명, 2025학번 이상 정원: 10명"
98,School of Undergraduate Studies,ALL,HSS115,01,Journey to Psychology - Journey to Psychology,"Kwak, Keum-joo",Basic compulsory course,Course Study,Theory,Basic,Humanities and Social Sciences,Writing·Reading,,,Grade,3.0,3.0,0.0,N,N,Tue11:00-14:00(E7 - L30),,"2026학번 정원: 30명, 2025학번 이상 정원: 10명"
99,School of Undergraduate Studies,ALL,HSS116,01,Understanding Anthropology - Understanding Anthropology,"Yi, Jeong-duk",Basic compulsory course,Course Study,Theory,Basic,Humanities and Social Sciences,Writing·Reading,,,Grade,3.0,3.0,0.0,N,N,Tue15:00-18:00(E7 - G03),,"2026학번 정원: 30명, 2025학번 이상 정원: 10명"
100,School of Undergraduate Studies,ALL,HSS117,01,Humans and Religions - Humans and Religions,"Park, Beom Seok",Basic compulsory course,Course Study,Theory,Basic,Humanities and Social Sciences,Writing·Reading,,,Grade,3.0,3.0,0.0,N,N,Thu09:00-12:00(E7 - L30),,"2026학번 정원: 30명, 2025학번 이상 정원: 10명"
101,School of Undergraduate Studies,ALL,HSS118,01,Seminar for Comprehensive Competency Cultivation - Seminar for Comprehensive Competency Cultivation,HAN KYOUNG CHOE,Basic compulsory course,Course Study,Theory,Basic,Humanities and Social Sciences,Writing·Reading,,,S/U,1.0,1.0,0.0,N,Y,Fri13:00-14:00(E7 - 236),,
102,School of Undergraduate Studies,ALL,HSS119,01,Career Exploration and Major Design I - Career Exploration and Major Design I,HAN KYOUNG CHOE,Basic compulsory course,Course Study,Theory,Basic,Humanities and Social Sciences,Writing·Reading,,,S/U,1.0,1.0,0.0,N,Y,Wed13:00-14:00(E7 - L29),,
103,School of Undergraduate Studies,ALL,HSS121,01,Introduction to Traditional Korean Culture - Introduction to Traditional Korean Culture,"Bae, Haeun",Basic compulsory course,Course Study,Theory,Basic,Humanities and Social Sciences,Writing·Reading,,,Grade,2.0,2.0,0.0,N,Y,Mon13:00-15:00(E7 - L22),,
104,School of Undergraduate Studies,ALL,HSS122,01,Introduction to Philosophy - Introduction to Philosophy,"Kim, Byoungjae",Basic compulsory course,Course Study,Theory,Basic,Humanities and Social Sciences,Writing·Reading,,,Grade,2.0,2.0,0.0,N,Y,Mon10:30-12:30(E7 - G03),,
105,School of Undergraduate Studies,ALL,HSS201,01,Basic Issues in History of Science and Technology - Basic Issues in History of Science and Technology," Chang, Ha Won",Basic compulsory course,Course Study,Theory,Basic,Humanities and Social Sciences,Writing·Reading,,,Grade,3.0,3.0,0.0,N,N,Mon14:00-17:00(E7 - G01),,
106,School of Undergraduate Studies,ALL,HSS202,01,Issues in Philosophy of Science - Issues in Philosophy of Science,"Kang, Eugene ",Basic compulsory course,Course Study,Theory,Basic,Humanities and Social Sciences,Writing·Reading,,,Grade,3.0,3.0,0.0,N,N,Wed13:00-16:00(E7 - G03),,
107,School of Undergraduate Studies,ALL,HSS203,01,Social and Political Thoughts in Modern Society - Social and Political Thoughts in Modern Society,"Moon, Jun Young",Basic compulsory course,Course Study,Theory,Basic,Humanities and Social Sciences,Writing·Reading,,,S/U,3.0,3.0,0.0,N,N,Mon14:00-17:00(E7 - L30),,
108,School of Undergraduate Studies,ALL,HSS204,01,Global Political Economy - Global Political Economy,"Yoon, Ji Sung",Basic compulsory course,Course Study,Theory,Basic,Humanities and Social Sciences,Writing·Reading,,,Grade,3.0,3.0,0.0,N,Y,"Tue11:00-12:30(E7 - 235), Thu11:00-12:30(E7 - 235)",,영어 강좌 / Only English
109,School of Undergraduate Studies,ALL,HSS207a,01,Introduction to Communication Studies - Introduction to Communication Studies,"Cho, Sung-kyum ",Basic compulsory course,Course Study,Theory,Basic,Humanities and Social Sciences,Writing·Reading,,,Grade,3.0,3.0,0.0,N,Y,Thu13:00-16:00(E7 - G01),,영어 강좌 / Only English
110,School of Undergraduate Studies,ALL,HSS208a,01,Classics in Philosophy - Classics in Philosophy,"Kim, Byoungjae",Basic compulsory course,Course Study,Theory,Basic,Humanities and Social Sciences,Writing·Reading,,,Grade,3.0,3.0,0.0,N,N,"Mon13:00-14:30(E7 - 235), Wed13:00-14:30(E7 - 235)",,"2018학번 이후만 수강 신청, 정원 : 32명"
111,School of Undergraduate Studies,ALL,HSS212,01,General Theory of Rights change - General Theory of Rights Change,"Ham, Sang beom",Basic compulsory course,Course Study,Theory,Basic,Humanities and Social Sciences,Writing·Reading,,,Grade,3.0,3.0,0.0,N,N,Mon09:00-12:00(E7 - L30),,
112,School of Undergraduate Studies,ALL,HSS215,01,Urban Geography - Urban Geography,Shen Shawn,Basic compulsory course,Course Study,Theory,Basic,Humanities and Social Sciences,Writing·Reading,,,Grade,3.0,3.0,0.0,N,Y,"Mon15:00-16:30(E7 - 224), Wed15:00-16:30(E7 - 224)",,
113,School of Undergraduate Studies,ALL,HSS218,01,Introduction to the Religions in the World - Introduction to the Religions in the World,"Park, Beom Seok",Basic compulsory course,Course Study,Theory,Basic,Humanities and Social Sciences,Writing·Reading,,,Grade,3.0,3.0,0.0,N,N,Thu13:00-16:00(E7 - L30),,
114,School of Undergraduate Studies,ALL,HSS221,01,Special Topics in Social Sciences Ⅰ - Special Topics in Social Sciences Ⅰ: Mapping your life across 20s,"Kwak, Keum-joo",Basic compulsory course,Course Study,Theory,Basic,Humanities and Social Sciences,Writing·Reading,,,Grade,3.0,3.0,0.0,N,N,Tue14:00-17:00(E7 - L20),,
115,School of Undergraduate Studies,ALL,HSS222,01,Special Topics in Social Sciences Ⅱ - Human Evolution and Culture,"Yi, Jeong-duk",Basic compulsory course,Course Study,Theory,Basic,Humanities and Social Sciences,Writing·Reading,,,Grade,3.0,3.0,0.0,N,N,Wed15:00-18:00(E7 - L30),,
116,School of Undergraduate Studies,ALL,HSS222,02,Special Topics in Social Sciences Ⅱ - Culture and Society,"Choi, Tae Seob",Basic compulsory course,Course Study,Theory,Basic,Humanities and Social Sciences,Writing·Reading,,,Grade,3.0,3.0,0.0,N,N,Thu13:00-16:00(E7 - L20),,
117,School of Undergraduate Studies,ALL,HSS223,01,Philosophy of Mind - Philosophy of Mind,"Kim, Byoungjae",Basic compulsory course,Course Study,Theory,Basic,Humanities and Social Sciences,Writing·Reading,,,Grade,3.0,3.0,0.0,N,Y,"Mon14:30-16:00(E7 - 235), Wed14:30-16:00(E7 - 235)",,영어 강좌 (Only English)
118,School of Undergraduate Studies,ALL,HSS301a,01,Scientific Writing - Scientific Writing,"Lee, Jeong Ah",Basic compulsory course,Course Study,Theory,Basic,Humanities and Social Sciences,Writing·Reading,,,Grade,3.0,3.0,0.0,N,Y,"Tue09:00-10:30(E7 - L28), Thu09:00-10:30(E7 - L28)",,"2019 - 2014 학번:  2학점 SW 대체과목, 선수과목: AE: Research&Writing"
119,School of Undergraduate Studies,ALL,HSS301a,02,Scientific Writing - Scientific Writing,Mark Silverlock,Basic compulsory course,Course Study,Theory,Basic,Humanities and Social Sciences,Writing·Reading,,,Grade,3.0,3.0,0.0,N,Y,"Mon18:00-19:30(E7 - L28), Wed18:00-19:30(E7 - L28)",,"2019 - 2014 학번:  2학점 SW 대체과목, 선수과목: AE: Research&Writing"
120,School of Undergraduate Studies,ALL,INT201,01,internshipⅠ - internshipⅠ,"Kim, Sohee",Advanced compulsory course,Research Study,Lab,Advanced,Field,Internship,,,S/U,1.0,0.0,1.0,N,N,Sat17:00-18:00(E7 - 241),,
121,School of Undergraduate Studies,ALL,INT202,01,internshipⅡ - internshipⅡ,"Kim, Sohee",Advanced compulsory course,Research Study,Lab,Advanced,Field,Internship,,,S/U,1.0,0.0,1.0,N,N,Sat17:00-18:00(E7 - 241),,
122,School of Undergraduate Studies,ALL,INT203,01,internshipⅢ - internshipⅢ,"Kim, Sohee",Advanced compulsory course,Research Study,Lab,Advanced,Field,Internship,,,S/U,2.0,0.0,2.0,N,N,Sat17:00-19:00(E7 - 241),,
123,School of Undergraduate Studies,ALL,INT204,01,internshipⅣ - internshipⅣ,"Kim, Sohee",Advanced compulsory course,Research Study,Lab,Advanced,Field,Internship,,,S/U,2.0,0.0,2.0,N,N,Sat17:00-19:00(E7 - 241),,
124,School of Undergraduate Studies,ALL,INT211,01,Global InternshipⅤ - Global InternshipⅤ,"Kim, Hoe Joon",Advanced compulsory course,Research Study,Lab,Advanced,Field,Internship,,,S/U,2.0,0.0,10.0,N,N,Sat13:30-23:30(E7 - 241),,
125,School of Undergraduate Studies,ALL,INT212,01,Global InternshipⅥ - Global InternshipⅥ,"Kim, Hoe Joon",Advanced compulsory course,Research Study,Lab,Advanced,Field,Internship,,,S/U,2.0,0.0,10.0,N,N,Sat13:30-23:30(E7 - 241),,
126,School of Undergraduate Studies,ALL,INT213,01,Global InternshipⅦ - Global InternshipⅦ,"Kim, Hoe Joon",Advanced compulsory course,Research Study,Lab,Advanced,Field,Internship,,,S/U,2.0,0.0,10.0,N,N,Sat13:30-23:30(E7 - 241),,
127,School of Undergraduate Studies,ALL,INT214,01,Global InternshipⅧ - Global InternshipⅧ,"Kim, Hoe Joon",Advanced compulsory course,Research Study,Lab,Advanced,Field,Internship,,,S/U,2.0,0.0,10.0,N,N,Sat13:30-23:30(E7 - 241),,
128,School of Undergraduate Studies,ALL,INT401,01,internshipⅤ - internshipⅤ,"Kim, Sohee",Advanced compulsory course,Research Study,Lab,Advanced,Field,Internship,,,S/U,2.0,0.0,10.0,N,N,Sat13:30-23:30(E7 - 241),,
129,School of Undergraduate Studies,ALL,INT402,01,internshipⅥ - internshipⅥ,"Kim, Sohee",Advanced compulsory course,Research Study,Lab,Advanced,Field,Internship,,,S/U,2.0,0.0,10.0,N,N,Sat13:30-23:30(E7 - 241),,
130,School of Undergraduate Studies,ALL,LS203,01,Cell Biology Lab - Cell Biology Lab,"Lee, Chang-Hun, Chan Chung, Cho, Jeong A",Advanced compulsory course,Course Study,Lab,Advanced,Major,Track,,Bachelor of Science,Grade,3.0,0.0,6.0,N,N,"Mon16:30-19:30(E4 - 225), Wed16:30-19:30(E4 - 225)","(BS114) 생명과학개론 또는 (BS116) 일반생물학Ⅰ, (BS115) 일반생물학 실험",
131,School of Undergraduate Studies,ALL,LS203,02,Cell Biology Lab - Cell Biology Lab,"Chan Chung, Lee, Chang-Hun, Cho, Jeong A",Advanced compulsory course,Course Study,Lab,Advanced,Major,Track,,Bachelor of Science,Grade,3.0,0.0,6.0,N,N,"Tue15:30-18:30(E4 - 225), Thu15:30-18:30(E4 - 225)","(BS114) 생명과학개론 또는 (BS116) 일반생물학Ⅰ, (BS115) 일반생물학 실험",
132,School of Undergraduate Studies,ALL,LS203,03,Cell Biology Lab - Cell Biology Lab,"Cho, Jeong A, Chan Chung, Lee, Chang-Hun",Advanced compulsory course,Course Study,Lab,Advanced,Major,Track,,Bachelor of Science,Grade,3.0,0.0,6.0,N,N,"Tue15:00-18:00(E4 - 224), Thu15:00-18:00(E4 - 224)","(BS114) 생명과학개론 또는 (BS116) 일반생물학Ⅰ, (BS115) 일반생물학 실험",
133,School of Undergraduate Studies,ALL,LS204,01,Cell Biology - Cell Biology,"Baek, Myung In, Jeong, Young Tae",Advanced compulsory course,Course Study,Theory,Advanced,Major,Track,,Bachelor of Science,Grade,3.0,3.0,0.0,N,Y,"Tue15:00-16:30(E7 - 233), Thu15:00-16:30(E7 - 233)",(BS114) 생명과학개론 또는 (BS116) 일반생물학Ⅰ,
134,School of Undergraduate Studies,ALL,LS204,02,Cell Biology - Cell Biology,"Baek, Myung In, Jeong, Young Tae",Advanced compulsory course,Course Study,Theory,Advanced,Major,Track,,Bachelor of Science,Grade,3.0,3.0,0.0,N,Y,"Mon13:00-14:30(E7 - 236), Wed13:00-14:30(E7 - 236)",(BS114) 생명과학개론 또는 (BS116) 일반생물학Ⅰ,
135,School of Undergraduate Studies,ALL,LS304,01,Ecology and Evolution - Ecology and Evolution,"LEE, SANGIM",Advanced compulsory course,Course Study,Theory,Advanced,Major,Track,,Bachelor of Science,Grade,3.0,3.0,0.0,N,Y,"Tue09:00-10:30(E7 - 229), Thu09:00-10:30(E7 - 229)",,
136,School of Undergraduate Studies,ALL,LS305,01,Neuroscience Ⅰ - Neuroscience Ⅰ,"Suh, Byung Chang, Um, JI Won",Advanced compulsory course,Course Study,Theory,Advanced,Major,Track,,Bachelor of Science,Grade,3.0,3.0,0.0,N,Y,"Tue13:00-14:30(E7 - L21), Thu13:00-14:30(E7 - L21)",,"학기변경으로 한시적으로 I,II 함께 개설"
137,School of Undergraduate Studies,ALL,LS306,01,Neuroscience Ⅱ - Neuroscience Ⅱ,"Hyun, Jung Ho, Lee, Hyo Sang, HAN KYOUNG CHOE",Advanced compulsory course,Course Study,Theory,Advanced,Major,Track,,Bachelor of Science,Grade,3.0,3.0,0.0,N,Y,"Mon14:30-16:00(E7 - L21), Wed14:30-16:00(E7 - L21)",,"학기변경으로 한시적으로 I,II 함께 개설"
138,School of Undergraduate Studies,ALL,LS308,01,Biochemistry I - Biochemistry I,"Kim, Jin Hae, Kim, Yoo Ri, Lee, Jong Chan, Lee, Jae Min",Advanced compulsory course,Course Study,Theory,Advanced,Major,Track,,Bachelor of Science,Grade,3.0,3.0,0.0,N,Y,"Mon16:30-18:00(E7 - 241), Wed16:30-18:00(E7 - 241)",(BS114) 생명과학개론 또는 (BS116) 일반생물학Ⅰ,
139,School of Undergraduate Studies,ALL,LS312,01,Technology for drug development - Technology for drug development,"Yea, Kyung Moo, Lee, Byung Hoon",Advanced compulsory course,Course Study,Theory,Advanced,Major,Track,,Bachelor of Science,Grade,3.0,3.0,0.0,N,Y,Tue09:00-12:00(E4 - 113),,
140,School of Undergraduate Studies,ALL,LS314,01,Nobel Prize Winning Discoveries in Life Sciences - Nobel Prize Winning Discoveries in Life Sciences,"Lee, Byung Hoon, Song-Yi Lee",Advanced compulsory course,Course Study,Theory,Advanced,Major,Track,,Bachelor of Science,Grade,3.0,3.0,0.0,N,Y,"Mon09:00-10:30(E7 - 229), Wed09:00-10:30(E7 - 229)",,
141,School of Undergraduate Studies,ALL,LS403,01,Principles of Development - Principles of Development,"Baek, Myung In, Yu, Seong-Woon, Kwak, June Myoung",Advanced compulsory course,Course Study,Theory,Advanced,Major,Track,,Bachelor of Science,Grade,3.0,3.0,0.0,N,Y,"Tue10:30-12:00(E7 - L22), Thu10:30-12:00(E7 - L22)",,
142,School of Undergraduate Studies,ALL,LS406,01,Biomedical Engineering - Biomedical Engineering,Lee Kwang,Advanced compulsory course,Course Study,Theory,Advanced,Major,Track,,"Bachelor of Science, Bachelor of Engineering",Grade,3.0,3.0,0.0,N,Y,Fri09:00-12:00(E7 - 235),,
143,School of Undergraduate Studies,ALL,LS407a,01,Human Physiology - Human Physiology,"Lee, Jae Min, KIM, EUN-KYOUNG",Advanced compulsory course,Course Study,Theory,Advanced,Major,Track,,Bachelor of Science,Grade,3.0,3.0,0.0,N,Y,"Mon09:00-10:30(E4 - 406), Wed09:00-10:30(E4 - 406)",,
144,School of Undergraduate Studies,ALL,LS410,01,Microbiology - Microbiology,"Kim, Yoo Ri, Chan Chung",Advanced compulsory course,Course Study,Theory,Advanced,Major,Track,,Bachelor of Science,Grade,3.0,3.0,0.0,N,Y,"Mon14:30-16:00(E7 - 229), Wed14:30-16:00(E7 - 229)",,
145,School of Undergraduate Studies,ALL,LS411,01,Introduction to Computational Brain Science - Introduction to Computational Brain Science,"Yu, Woo Kyung, Mean-Hwan Kim",Advanced compulsory course,Course Study,Theory,Advanced,Major,Track,,Bachelor of Science,Grade,3.0,3.0,0.0,N,Y,"Mon10:30-12:00(E4 - 113), Wed10:30-12:00(E4 - 113)",,
146,School of Undergraduate Studies,ALL,LS412,01,Neurobiology of Disease - Neurobiology of Disease,"Lee, Sung Bae",Advanced compulsory course,Course Study,Theory,Advanced,Major,Track,,Bachelor of Science,Grade,3.0,3.0,0.0,N,N,"Tue09:00-10:30(E7 - 235), Thu09:00-10:30(E7 - 235)",,
147,School of Undergraduate Studies,ALL,MECH201,01,Solid Mechanics - Solid Mechanics,"Kyung In, Jang",Advanced compulsory course,Course Study,Theory,Advanced,Major,Track,,Bachelor of Engineering,Grade,3.0,3.0,0.0,N,Y,"Mon13:00-14:30(E7 - L31), Wed13:00-14:30(E7 - L31)",,
148,School of Undergraduate Studies,ALL,MECH301,01,Robots for Human - Robots for Human,"Kim, Hoe Joon, Seongmin Lee, Joon-Hyuk Park, Nam, Kanghyun, Sohyun Jung, Giseop Kim",Advanced compulsory course,Course Study,Theory,Advanced,Major,Track,,Bachelor of Engineering,Grade,3.0,3.0,0.0,N,Y,Fri13:00-16:00(E7 - L21),,
149,School of Undergraduate Studies,ALL,MECH306,01,Engineering Vibration - Engineering Vibration,"Lim, Yong Seob",Advanced compulsory course,Course Study,Theory,Advanced,Major,Track,,Bachelor of Engineering,Grade,3.0,3.0,0.0,N,Y,"Mon10:30-12:00(E7 - 235), Wed10:30-12:00(E7 - 235)",(MECH203) 동역학(공),
150,School of Undergraduate Studies,ALL,MECH309,01,Introduction to Control Engineering (Lecture) - Introduction to Control Engineering (Lecture),"Park, Suk Ho",Advanced compulsory course,Course Study,Theory,Advanced,Major,Major Advanced,,Bachelor of Engineering,Grade,3.0,3.0,0.0,N,Y,"Tue10:30-12:00(E7 - L20), Thu10:30-12:00(E7 - L20)",,
151,School of Undergraduate Studies,ALL,MECH311,01,Fluid dynamics - Fluid dynamics,Sohyun Jung,Advanced compulsory course,Course Study,Theory,Advanced,Major,Track,,Bachelor of Engineering,Grade,3.0,3.0,0.0,N,Y,Wed13:00-16:00(E7 - 241),,
152,School of Undergraduate Studies,ALL,MECH313,01,Electronics for Robotics - Electronics for Robotics,"Park, Kyungseo",Advanced compulsory course,Course Study,Theory,Advanced,Major,Track,,Bachelor of Engineering,Grade,3.0,3.0,0.0,N,Y,"Mon16:00-17:30(E5 - 217), Wed16:00-17:30(E5 - 217)",(BE205) 회로이론과 계측법(이론),
153,School of Undergraduate Studies,ALL,MECH401,01,Robot Dynamics and Control - Robot Dynamics and Control,"Hwang, Min Ho",Advanced compulsory course,Course Study,Theory,Advanced,Major,Track,,Bachelor of Engineering,Grade,3.0,3.0,0.0,N,Y,"Tue10:30-12:00(E7 - G01), Thu10:30-12:00(E7 - G01)","(MECH203) 동역학(공), (MECH309) 자동제어시스템(공)",
154,School of Undergraduate Studies,ALL,MECH402,01,Micro/Nano Engineering - Micro/Nano Engineering,"Lee, Jae Hong",Advanced compulsory course,Course Study,Theory,Advanced,Major,Track,,Bachelor of Engineering,Grade,3.0,3.0,0.0,N,Y,"Tue13:00-14:30(E7 - 229), Thu13:00-14:30(E7 - 229)","(MECH201) 고체역학 (공), (MECH311) 유체역학 (공)",
155,School of Undergraduate Studies,ALL,MECH405,01,Fundamental of Heat Transfer - Fundamental of Heat Transfer,"Choi, Gyeung Ho",Advanced compulsory course,Course Study,Theory,Advanced,Major,Track,,Bachelor of Engineering,Grade,3.0,3.0,0.0,N,Y,"Tue09:00-10:30(E7 - L20), Thu09:00-10:30(E7 - L20)",(MECH204) 기계열역학 (공),
156,School of Undergraduate Studies,ALL,MECH407,01,Introduction to  Mobile System - Introduction to  Mobile System,Seongmin Lee,Advanced compulsory course,Course Study,Theory,Advanced,Major,Track,,Bachelor of Engineering,Grade,3.0,3.0,0.0,N,Y,"Tue16:30-18:00(E5 - 217), Thu16:30-18:00(E5 - 217)",,신규개설
157,School of Undergraduate Studies,ALL,MSE305a,01,Introduction to materials science & engineeringⅠ - Introduction to materials science & engineeringⅠ,"Lee, Ju Hyuck",Advanced compulsory course,Course Study,Theory,Advanced,Major,Track,,"Bachelor of Science, Bachelor of Engineering",Grade,3.0,3.0,0.0,N,Y,"Mon09:00-10:30(E7 - L20), Wed09:00-10:30(E7 - L20)",,
158,School of Undergraduate Studies,ALL,MSE307,01,Experiment in Materials Science & Engineering - Experiment in Materials Science & Engineering,"Jinsoo Kim, Sungwon Lee, Lee, Ju Hyuck, Lee, Jong-Soo, LEE, SHINBUHM",Advanced compulsory course,Course Study,Lab,Advanced,Major,Track,,Bachelor of Engineering,Grade,3.0,0.0,6.0,N,Y,"Wed16:30-19:30(E6 - 223), Fri13:00-16:00(E6 - 223)",,
159,School of Undergraduate Studies,ALL,MSE402,01,Phase Transformations - Phase Transformations,Jinsoo Kim,Advanced compulsory course,Course Study,Theory,Advanced,Major,Track,,Bachelor of Engineering,Grade,3.0,3.0,0.0,N,Y,"Wed10:30-12:00(E7 - 223), Fri10:30-12:00(E7 - 223)",,
160,School of Undergraduate Studies,ALL,MSE407,01,Mechanical Behavior  of Materials - Mechanical Behavior  of Materials,Younggyu Kim,Advanced compulsory course,Course Study,Theory,Advanced,Major,Track,,Bachelor of Engineering,Grade,3.0,3.0,0.0,N,N,"Mon13:30-15:00(E7 - L20), Wed13:30-15:00(E7 - L20)",,신규개설
161,School of Undergraduate Studies,ALL,PHY202a,01,Analytical MechanicsⅠ - Analytical MechanicsⅠ,"Lee, Jae Dong",Advanced compulsory course,Course Study,Theory,Advanced,Major,Track,,"Bachelor of Science, Bachelor of Engineering",Grade,3.0,3.0,0.0,N,Y,"Mon16:00-17:30(E7 - G02), Wed16:00-17:30(E7 - G02)",,
162,School of Undergraduate Studies,ALL,PHY205a,01,Modern Physics - Modern Physics,"Kim, Soyeun",Advanced compulsory course,Course Study,Theory,Advanced,Major,Track,,Bachelor of Science,Grade,3.0,3.0,0.0,N,Y,"Mon11:00-12:30(E7 - L22), Wed11:00-12:30(E7 - L22)",,
163,School of Undergraduate Studies,ALL,PHY302a,01,Advanced Physics Lab - Advanced Physics Lab,Unassigned,Advanced compulsory course,Course Study,Lab,Advanced,Major,Track,,Bachelor of Science,Grade,2.0,0.0,4.0,N,Y,"Mon13:00-15:00(E2 - 219), Wed13:00-15:00(E2 - 219)",,
164,School of Undergraduate Studies,ALL,PHY304,01,Quantum MechanicsⅠ - Quantum Mechanics I,"Park, Keeseong",Advanced compulsory course,Course Study,Theory,Advanced,Major,Track,,"Bachelor of Science, Bachelor of Engineering",Grade,3.0,3.0,0.0,N,Y,"Mon09:00-10:30(E7 - 223), Wed09:00-10:30(E7 - 223)","(PHY202a) 해석역학Ⅰ(이,공) 또는 (PHY203a) 전기역학 I(이)",
165,School of Undergraduate Studies,ALL,PHY306,01,Mathematical Physics - Mathematical Physics,"Choe, Seung Ho",Advanced compulsory course,Course Study,Theory,Advanced,Major,Track,,Bachelor of Science,Grade,3.0,3.0,0.0,N,Y,"Tue09:00-10:30(E7 - L31), Thu09:00-10:30(E7 - L31)",,
166,School of Undergraduate Studies,ALL,PHY308,01,ElectrodynamicsⅡ - Electrodynamics II,Chang-Hee Cho,Advanced compulsory course,Course Study,Theory,Advanced,Major,Track,,Bachelor of Science,Grade,3.0,3.0,0.0,N,Y,"Tue10:30-12:00(E7 - 229), Thu10:30-12:00(E7 - 229)",,
167,School of Undergraduate Studies,ALL,PHY401,01,Modern Optics - Modern Optics,"Lee, Ki Joon",Advanced compulsory course,Course Study,Theory,Advanced,Major,Track,,"Bachelor of Science, Bachelor of Engineering",Grade,3.0,3.0,0.0,N,Y,"Tue10:30-12:00(E7 - L21), Thu10:30-12:00(E7 - L21)",(PHY203a) 전기역학 I(이),
168,School of Undergraduate Studies,ALL,PHY403,01,Solid State Physics Ⅱ - Solid State Physics Ⅱ,"Hong, Jung Il ",Advanced compulsory course,Course Study,Theory,Advanced,Major,Track,,"Bachelor of Science, Bachelor of Engineering",Grade,3.0,3.0,0.0,N,Y,"Mon10:30-12:00(E2 - 324), Wed10:30-12:00(E2 - 324)","(PHY304) 양자역학Ⅰ(이,공)",
169,School of Undergraduate Studies,ALL,PHY405,01,Biophysics - Biophysics,"Lee, Jong Chan",Advanced compulsory course,Course Study,Theory,Advanced,Major,Track,,"Bachelor of Science, Bachelor of Engineering",Grade,3.0,3.0,0.0,N,Y,Fri13:00-16:00(E7 - L22),,
170,School of Undergraduate Studies,ALL,PHY406,01,Computational Physics - Computational Physics,"Kang, Joongoo",Advanced compulsory course,Course Study,Theory,Advanced,Major,Track,,Bachelor of Science,Grade,3.0,3.0,0.0,N,Y,"Tue14:30-16:00(E7 - 229), Thu14:30-16:00(E7 - 229)",,
171,School of Undergraduate Studies,ALL,PHY408,01,Atomic & Molecular Physics - Atomic & Molecular Physics,Unassigned,Advanced compulsory course,Course Study,Theory,Advanced,Major,Track,,"Bachelor of Science, Bachelor of Engineering",Grade,3.0,3.0,0.0,N,Y,"Tue13:00-14:30(E7 - G02), Thu13:00-14:30(E7 - G02)",,신규개설
172,School of Undergraduate Studies,ALL,TP101,01,Design Thinking - Design Thinking,"Park, Jong Rae",Advanced compulsory course,Course Study,Theory,Advanced,Major,Non-Track/Convergence,,,Grade,3.0,3.0,0.0,N,N,Mon09:00-12:00(E7 - 237),,
173,School of Undergraduate Studies,ALL,TP202,01,Introduction to Urban Air Mobility - Introduction to Urban Air Mobility,"In, Su Il",Advanced compulsory course,Course Study,Theory,Advanced,Major,Non-Track/Convergence,,"Bachelor of Science, Bachelor of Engineering",Grade,3.0,3.0,0.0,N,Y,Mon16:00-19:00(E7 - G03),,신규개설
174,School of Undergraduate Studies,ALL,TP301,01,Communication and Modern Society - Communication and Modern Society,"Cho, Sung-kyum ",Advanced compulsory course,Course Study,Theory,Advanced,Major,Non-Track/Convergence,,,Grade,3.0,3.0,0.0,N,N,Fri09:00-12:00(E7 - L31),,
175,School of Undergraduate Studies,ALL,TP305,01,Game Theory - Game Theory,"Kim, Son-ku",Advanced compulsory course,Course Study,Theory,Advanced,Major,Non-Track/Convergence,,,Grade,3.0,3.0,0.0,N,N,Wed14:30-17:30(E7 - L31),,
176,School of Undergraduate Studies,ALL,TP307a,01,User experience design - User experience design,"Park, Jong Rae",Advanced compulsory course,Course Study,Theory,Advanced,Major,Non-Track/Convergence,,,Grade,3.0,3.0,0.0,N,N,Wed10:30-13:30(E7 - 237),,
177,School of Undergraduate Studies,ALL,TP308,01,Integrative understanding of life - Integrative understanding of life,"Nam, Chang Hoon",Advanced compulsory course,Course Study,Theory,Advanced,Major,Non-Track/Convergence,,,Grade,3.0,3.0,0.0,N,N,Tue09:00-12:00(E7 - G02),,
178,School of Undergraduate Studies,ALL,TP309,01,Introduction to Mathematical Analysis for the Undergraduate - Introduction to Mathematical Analysis for the Undergraduate,"Ahn, Heung Ju",Advanced compulsory course,Course Study,Theory,Advanced,Major,Non-Track/Convergence,,,Grade,3.0,3.0,0.0,N,Y,"Tue09:00-10:30(E7 - 223), Thu09:00-10:30(E7 - 223)",,
179,School of Undergraduate Studies,ALL,TP310,01,Modern Algebra - Modern Algebra,Hudson Thomas Bryan,Advanced compulsory course,Course Study,Theory,Advanced,Major,Non-Track/Convergence,,,Grade,3.0,3.0,0.0,N,Y,"Tue09:00-10:30(E7 - 224), Thu09:00-10:30(E7 - 224)",,
180,School of Undergraduate Studies,ALL,TP406,01,Geometry of Tensors and Applications - Geometry of Tensors and Applications,"Han, Kang Jin",Advanced compulsory course,Course Study,Theory,Advanced,Major,Non-Track/Convergence,,"Bachelor of Science, Bachelor of Engineering",Grade,3.0,3.0,0.0,N,Y,"Tue13:00-14:30(E7 - L22), Thu13:00-14:30(E7 - L22)",,신규개설
181,Department of Semiconductor Engineering,ALL,SM204,01,Introduction to Semiconductor Fabrication - Device Fabrication Process for Nanotechnology,"Kwon, Hyuk Jun",Advanced compulsory course,Course Study,Theory,Advanced,Major,Major Advanced,,Bachelor of Engineering,Grade,3.0,3.0,0.0,N,Y,"Mon13:00-14:30(E7 - 229), Wed13:00-14:30(E7 - 229)",,"* 반도체공학과 학생만 수강신청 가능하며, 기초학부의 반도체공정개론(EE404)과 동일과목으로 지정하며, 교차수강 및 중복수강 불가
* 교과목 신설 시, 기초학부 기존 교과목인 반도체공정개론(공)을 기이수한 학생들은 수강이 인정됨"
182,Department of Semiconductor Engineering,ALL,SM303,01,Fundamentals of Electronic Devices - Fundamentals of Electronic Devices,Byeongmoon Lee,Advanced compulsory course,Course Study,Theory,Advanced,Major,Major Advanced,,Bachelor of Engineering,Grade,3.0,3.0,0.0,N,Y,"Tue10:30-12:00(E7 - 224), Thu10:30-12:00(E7 - 224)",(SM203a) 반도체물성 개론(공)(반),"* 반도체공학과 학생만 수강신청 가능하며, 기초학부 전자소자개론(EE302)과 동일과목으로 지정하며, 교차수강 및 중복수강 불가
* 교과목 신설 시, 기초학부 기존 교과목인 전자소자개론(공)을 기이수한 학생들은 수강이 인정됨"
183,Department of Semiconductor Engineering,ALL,SM304,01,Introduction to Electronic Circuits - Introduction to Electronic Circuits,"Lee, Jung Hyup",Advanced compulsory course,Course Study,Theory,Advanced,Major,Major Advanced,,Bachelor of Engineering,Grade,3.0,3.0,0.0,N,Y,"Tue14:30-16:00(E7 - 235), Thu14:30-16:00(E7 - 235)","(BE205) 회로이론과 계측법(이론), (BE206) 회로이론과 계측법(실습)","* 반도체공학과 학생만 수강신청 가능하며, 기초학부 전기전자트랙의 전자회로이론(EE303)과 동일과목으로 지정하며 교차수강 및 중복수강 불가
* 교과목 신설 시, 기초학부 기존 교과목인 전자회로이론(공)을 기이수한 학생들은 수강이 인정됨"
184,Department of Semiconductor Engineering,ALL,SM305,01,Semiconductor  Fabrication Lab - Semiconductor Fabrication Lab,"Jang, Jae Eun, Sanghyeon Choi",Advanced compulsory course,Course Study,Lab,Advanced,Major,Major Advanced,,Bachelor of Engineering,Grade,3.0,0.0,3.0,N,Y,Fri13:00-16:00(R6 - 208),,"* 반도체공학과 학생만 수강신청 가능하며, 기초학부의 반도체공정실습(EE405)과 동일과목으로 지정하며, 교차수강 및 중복수강 불가"
